Check Name,Description,Status,Required,Weight,Level of Effort,Remediation Link,Error
AWS Organization exists,An AWS Organization should be established for multi-account management.,complete,Yes,6,1,https://docs.aws.amazon.com/organizations/latest/userguide/orgs_manage_org_create.html,
Management account identified,Assessment should be run from the organization management account.,complete,Yes,6,1,https://docs.aws.amazon.com/organizations/latest/userguide/orgs_manage_accounts.html,
Minimum 4 accounts,"Organization should have at least 4 accounts (Management, Log Archive, Audit, Workload).",complete,Yes,6,2,https://docs.aws.amazon.com/whitepapers/latest/organizing-your-aws-environment/recommended-accounts.html,
Log Archive account exists,A dedicated Log Archive account should exist for centralized logging.,complete,Yes,6,2,https://docs.aws.amazon.com/prescriptive-guidance/latest/security-reference-architecture/log-archive.html,
Audit account exists,A dedicated Audit or Security Tooling account should exist.,complete,Yes,6,2,https://docs.aws.amazon.com/prescriptive-guidance/latest/security-reference-architecture/audit.html,
Service Control Policies enabled,SCPs should be enabled to enforce guardrails across the organization.,complete,Yes,6,1,https://docs.aws.amazon.com/organizations/latest/userguide/orgs_manage_policies_scps.html,
Tag Policies enabled,Tag Policies should be enabled for consistent resource tagging and cost allocation.,complete,Yes,6,1,https://docs.aws.amazon.com/organizations/latest/userguide/orgs_manage_policies_tag-policies.html,
Backup Policies enabled,Backup Policies should be enabled for centralized backup governance.,complete,No,5,1,https://docs.aws.amazon.com/organizations/latest/userguide/orgs_manage_policies_backup.html,
Resource Control Policies enabled,RCPs should be enabled for data perimeter controls.,incomplete,No,4,1,https://docs.aws.amazon.com/organizations/latest/userguide/orgs_manage_policies_rcps.html,
Security OU exists,A Security OU should exist at the root level for security accounts.,complete,Yes,6,2,https://docs.aws.amazon.com/whitepapers/latest/organizing-your-aws-environment/security-ou.html,
Workloads OU exists,A Workloads OU should exist for business application accounts.,complete,No,5,2,https://docs.aws.amazon.com/whitepapers/latest/organizing-your-aws-environment/workloads-ou.html,
Infrastructure OU exists,An Infrastructure OU should exist for shared infrastructure services.,incomplete,No,5,2,https://docs.aws.amazon.com/whitepapers/latest/organizing-your-aws-environment/infrastructure-ou.html,
CloudTrail organization service enabled,CloudTrail should be enabled as an organization service for centralized audit logging.,complete,Yes,6,1,https://docs.aws.amazon.com/awscloudtrail/latest/userguide/creating-trail-organization.html,
AWS Config organization service enabled,AWS Config should be enabled as an organization service for resource tracking.,complete,No,4,1,https://docs.aws.amazon.com/config/latest/developerguide/config-rule-multi-account-deployment.html,
GuardDuty organization service enabled,GuardDuty should be enabled as an organization service for threat detection.,complete,No,4,1,https://docs.aws.amazon.com/guardduty/latest/ug/guardduty_organizations.html,
Security Hub organization service enabled,Security Hub should be enabled as an organization service for centralized security findings.,incomplete,No,4,1,https://docs.aws.amazon.com/securityhub/latest/userguide/designate-orgs-admin-account.html,
IAM Access Analyzer organization service enabled,IAM Access Analyzer should be enabled for cross-account access analysis.,complete,No,4,1,https://docs.aws.amazon.com/IAM/latest/UserGuide/access-analyzer-getting-started.html,
RAM organization service enabled,Resource Access Manager should be enabled for cross-account resource sharing.,complete,No,4,1,https://docs.aws.amazon.com/ram/latest/userguide/getting-started-sharing.html,
IAM Identity Center organization service enabled,IAM Identity Center (SSO) should be enabled for centralized identity management.,complete,Yes,6,1,https://docs.aws.amazon.com/singlesignon/latest/userguide/get-started-enable-identity-center.html,
CloudFormation StackSets organization service enabled,CloudFormation StackSets should be enabled for organization-wide deployments.,complete,No,5,1,https://docs.aws.amazon.com/AWSCloudFormation/latest/UserGuide/stacksets-orgs-enable-trusted-access.html,
AWS Backup organization service enabled,AWS Backup should be enabled as an organization service for centralized backup management.,complete,No,4,1,https://docs.aws.amazon.com/aws-backup/latest/devguide/manage-cross-account.html,
Cost Optimization Hub organization service enabled,Cost Optimization Hub should be enabled for organization-wide cost visibility.,complete,No,4,1,https://docs.aws.amazon.com/cost-management/latest/userguide/coh-getting-started.html,
Control Tower deployed,AWS Control Tower should be deployed for automated multi-account governance.,complete,Yes,6,6,https://docs.aws.amazon.com/controltower/latest/userguide/getting-started-with-control-tower.html,
Control Tower not drifted,Control Tower landing zone should not be in a drifted state.,complete,Yes,6,2,https://docs.aws.amazon.com/controltower/latest/userguide/drift.html,
Control Tower latest version,Control Tower landing zone should be on the latest available version.,complete,No,5,2,https://docs.aws.amazon.com/controltower/latest/userguide/configuration-updates.html,
IAM Identity Center configured,IAM Identity Center (SSO) should be configured for centralized identity management.,complete,Yes,6,3,https://docs.aws.amazon.com/singlesignon/latest/userguide/get-started-enable-identity-center.html,
No IAM users in account,The assessed account should avoid IAM users; use IAM Identity Center or federation instead.,complete,No,4,1,https://docs.aws.amazon.com/IAM/latest/UserGuide/best-practices.html#bp-users-federation-idp,
CloudTrail trail exists,At least one CloudTrail trail should be configured for audit logging.,complete,Yes,6,3,https://docs.aws.amazon.com/awscloudtrail/latest/userguide/cloudtrail-create-a-trail-using-the-console-first-time.html,
CloudTrail organization trail,An organization trail should be configured for centralized audit logging across all accounts.,complete,Yes,6,1,https://docs.aws.amazon.com/awscloudtrail/latest/userguide/creating-trail-organization.html,
AWS Config recorder active,AWS Config recorder should be active for resource configuration tracking.,error,Yes,6,2,https://docs.aws.amazon.com/config/latest/developerguide/gs-console.html,An error occurred (AccessDeniedException) when calling the DescribeConfigurationRecorders operation: User is not authorized to perform: config:DescribeConfigurationRecorders
AWS Config delivery channel active,AWS Config delivery channel should be configured for configuration change delivery.,complete,Yes,6,2,https://docs.aws.amazon.com/config/latest/developerguide/manage-delivery-channel.html,
No EC2 instances in account,Reports whether the assessed account contains EC2 instances; centralized management accounts should keep workloads elsewhere.,complete,No,4,1,https://docs.aws.amazon.com/whitepapers/latest/organizing-your-aws-environment/aws-organizations.html,
No VPCs in account,Reports whether the assessed account contains VPCs; centralized management accounts should keep workloads elsewhere.,complete,No,4,1,https://docs.aws.amazon.com/whitepapers/latest/organizing-your-aws-environment/aws-organizations.html,
Cost and Usage Report configured,A Cost and Usage Report should be configured for cost visibility.,incomplete,No,4,1,https://docs.aws.amazon.com/cur/latest/userguide/cur-create.html,
StackSets organization access enabled,CloudFormation StackSets should have organization access enabled for cross-account deployments.,complete,No,5,1,https://docs.aws.amazon.com/AWSCloudFormation/latest/UserGuide/stacksets-orgs-activate-trusted-access.html,
